[
  {
    "conviction": 1,
    "stock": "Alphabet Inc",
    "identifier": "GOOGL"
  },
  {
    "conviction": 2,
    "stock": "Microsoft Corporation",
    "identifier": "MSFT"
  },
  {
    "conviction": 3,
    "stock": "AXA SA",
    "identifier": "AXAF"
  },
  {
    "conviction": 4,
    "stock": "UOB",
    "identifier": "SG57A1994579"
  },
  {
    "conviction": 5,
    "stock": "WTT Investment",
    "identifier": "USG9600GAA07"
  },
  {
    "conviction": 6,
    "stock": "HSBC Holdings PLC",
    "identifier": "US404280AX71"
  },
  {
    "conviction": 7,
    "stock": "BlackRock Global Funds - Global Multi-Asset Income",
    "identifier": "LU0784385840"
  },
  {
    "conviction": 8,
    "stock": "JPMorgan Investment Funds - Global Income",
    "identifier": "LU0395794307"
  }
]
