{
    "Token": "eyJhbGciOiJIUzI1NiIsInR5cCI6IkpXVCJ9.eyJzdWIiOiIxMjM0NTY3ODkwIiwibmFtZSI6IkpvaG4gRG9lIiwiaWF0IjoxNTE2MjM5MDIyfQ.SflKxwRJSMeKKF2QT4fwpMeJf36POk6yJV_adQssw5c",
    "FeaturesModel": [
       {
          "FeatureId": 1,
          "FeatureName": "Convictions",
          "IsEnabled": true,
          "SubFeatures": [
             {
                "SubFeatureId": 1,
                "SubFeatureName": "Asset Types",
                "IsEnabled": true
             },
             {
                "SubFeatureId": 2,
                "SubFeatureName": "PRR",
                "IsEnabled": false
             },
             {
                "SubFeatureId": 3,
                "SubFeatureName": "LTV",
                "IsEnabled": true
             },
             {
                "SubFeatureId": 4,
                "SubFeatureName": "Include Restricted",
                "IsEnabled": true
             }
          ]
       },
      {
          "FeatureId": 2,
          "FeatureName": "Themes",
          "IsEnabled": true,
          "SubFeatures": []
       },
       {
          "FeatureId": 3,
          "FeatureName": "Macros",
          "IsEnabled": true,
          "SubFeatures": []
       }
    ],
    "DefaultPage": "Convictions"
 }