{
  "$schema": "./node_modules/@angular/cli/lib/config/schema.json",
  "project": {
    "name": "angular.prowess.ss"
  },
  "apps": [
    {
      "root": "src",
      "outDir": "dist",
      "assets": [
        "assets",
        "favicon.ico",
        {
          "glob": "web*.js",
          "input": "../node_modules/@webcomponents/webcomponentsjs",
          "output": "./wc_polyfills/"
        },
        {
          "glob": "custom*.js",
          "input": "../node_modules/@webcomponents/webcomponentsjs",
          "output": "./wc_polyfills/"
        },
        {
          "glob": "**/*",
          "input": "./wc_polyfills",
          "output": "./wc_polyfills/"
        }
      ],
      "index": "index.html",
      "main": "main.ts",
      "polyfills": "polyfills.ts",
      "test": "test.ts",
      "tsconfig": "tsconfig.app.json",
      "testTsconfig": "tsconfig.spec.json",
      "prefix": "app",
      "styles": [
        "styles.css",
        "assets/themify-icons/themify-icons.css",
        "../node_modules/ion-rangeslider/css/ion.rangeSlider.css",
        "../node_modules/ion-rangeslider/css/ion.rangeSlider.skinFlat.css"
      ],
      "scripts": [
        "../node_modules/jquery/dist/jquery.min.js",
        "../node_modules/ion-rangeslider/js/ion.rangeSlider.min.js",
        "../node_modules/@webcomponents/custom-elements/custom-elements.min.js"
      ],
      "environmentSource": "environments/environment.ts",
      "environments": {
        "dev": "environments/environment.ts",
        "prod": "environments/environment.prod.ts"
      }
    }
  ],
  "e2e": {
    "protractor": {
      "config": "./protractor.conf.js"
    }
  },
  "lint": [
    {
      "project": "src/tsconfig.app.json",
      "exclude": "**/node_modules/**"
    },
    {
      "project": "src/tsconfig.spec.json",
      "exclude": "**/node_modules/**"
    },
    {
      "project": "e2e/tsconfig.e2e.json",
      "exclude": "**/node_modules/**"
    }
  ],
  "test": {
    "karma": {
      "config": "./karma.conf.js"
    }
  },
  "defaults": {
    "styleExt": "css",
    "component": {}
  }
}
